INSERT INTO FieldOfProfessions([Industry]) VALUES('IT'),('Bygg'),('Media'),('Hotell'),('Vård'),('Detaljhandel'),('Ekonomi'),('Finans'),('Juridik'), ('Transport'), ('Jordbruk'), ('Reklam');

--IT|Bygg|Media||Hotell|Vård|Detaljhandel|Ekonomi|Finans|Juridik|Jordbruk|Reklam|Transport

INSERT INTO Locations([City]) VALUES ('Stockholm'),('Göteborg'),('Malmö'),('Alingsås'), ('Arboga'), ('Arvika'),('Avesta'), ('Askersund'), ('Boden'), ('Bollnäs'), ('Borgholm'), ('Borlänge'),('Borås'),('Djursholm'),('Eksjö'),('Enköping'),('Eskilstuna'),('Eslöv'),('Fagersta'),('Falkenberg'),('Falköping'),('Falsterbo'),('Falun'),('Filipstad'),('Flen'),('Gränna'),('Gävle'),('Hagfors'),('Halmstad'),('Haparanda'),('Hedemora'),('Helsingborg'),('Hjo'),('Hudiksvall'),('Huskvarna'),('Härnösand'),('Hässleholm'),('Höganäs'),('Jönköping'),('Kalmar'),('Karlshamn'),('Karlskoga'), ('Karlskrona'),('Karlstad'),('Katrineholm'),('Kiruna'),('Kramfors'),('Kristianstad'),('Kristinehamn'),('Kumla'),('Kungsbacka'),('Kungälv'),('Köping'),('Laholm'),('Landskrona'),('Lidingö'),('Lidköping'),('Lindesberg'),('Linköping'),('Ljungby'),('Ludvika'),('Luleå'),('Lund'),('Lycksele'),('Lysekil'),('Mariefred'),('Mariestad'),('Marstrand'),('Mjölby'),('Motala'),('Nacka'),('Nora'),('Norrköping'),('Norrtälje'),('Nybro'),('Nyköping'),('Nynäshamn'),('Nässjö'),('Oskarshamn'),('Oxelösund'),('Piteå'),('Ronneby'),('Sala'),('Sandviken'),('Sigtuna'),('Simrishamn'),('Skanör'),('Skara'),('Skellefteå'),('Skänninge'),('Skövde'),('Sollefteå'),('Solna'),('Strängnäs'),('Strömstad'),('Sundbyberg'),('Sundsvall'),('Säffle'),('Säter'),('Sävsjö'),('Söderhamn'),('Söderköping'),('Södertälje'),('Sölvesborg'),('Tidaholm'),('Torshälla'),('Tranås'),('Trelleborg'),('Trollhättan'),('Trosa'),('Uddevalla'),('Ulricehamn'),('Umeå'),('Uppsala'),('Vadstena'),('Varberg'),('Vaxholm'),('Vetlanda'),('Vimmerby'),('Visby'),('Vänersborg'),('Värnamo'),('Västervik'), ('Västerås'),('Växjö'),('Ystad'),('Ängelholm'),('Åmål'),('Örebro'),('Öregrund'),('Örnsköldsvik'),('Östhammar'),('Östersund');

INSERT INTO Purposes([PurposeType]) VALUES('Öl'),('Hockey'),('Fotboll'),('Teater'),('Middag'),('Lunch'),('Fest'),('Bio'),('Dans'),('Filosofi');
--Öl|Hockey|Fotboll|Teater|Middag|Lunch|Fest|Bio|Dans|Filosofi|

INSERT INTO Users([Username],[FirstName],[LastName],[Birthdate],[Profession],[Password],[About],[Industry]) VALUES('Nero','Alea','Stewart','1988-09-07 05:09:45','Polis','QMD08NXS3RA','Lorem ipsum dolor sit amet, consectetuer adipiscing elit. Curabitur sed tortor. Integer aliquam adipiscing lacus. Ut nec urna et arcu imperdiet ullamcorper. Duis at lacus.','Detaljhandel'),('Macy','Rhonda','Webster','1976-07-04 11:49:37','Försäljare','AQG12GEY2HQ','Lorem ipsum dolor sit amet, consectetuer adipiscing elit. Curabitur sed tortor. Integer aliquam adipiscing lacus. Ut nec urna et arcu imperdiet','Detaljhandel'),('Haviva','Dorian','Cox','1960-08-17 00:08:22','Polis','MLN44BJN8TI','Lorem ipsum dolor sit amet, consectetuer adipiscing elit. Curabitur sed tortor. Integer aliquam adipiscing lacus. Ut nec urna et arcu imperdiet ullamcorper. Duis at','Juridik'),('Mallory','Teagan','Valencia','1989-03-09 15:44:43','Lokförare','LPE80YEP7SC','Lorem ipsum dolor sit amet, consectetuer adipiscing elit. Curabitur sed tortor. Integer aliquam adipiscing lacus. Ut nec urna et arcu imperdiet ullamcorper. Duis at lacus. Quisque purus sapien, gravida non, sollicitudin a, malesuada id, erat. Etiam vestibulum','Bygg'),('Yasir','Kiayada','Vargas','1982-04-26 04:27:11','Kock','COB58EHG4AN','Lorem ipsum dolor sit amet, consectetuer adipiscing elit. Curabitur sed tortor. Integer aliquam adipiscing lacus. Ut nec urna et arcu imperdiet ullamcorper. Duis at lacus. Quisque purus sapien, gravida non, sollicitudin a, malesuada id, erat. Etiam vestibulum','Reklam'),('Octavia','Adara','Burns','1974-05-21 05:33:38','Polis','GFH27FIC3OR','Lorem ipsum dolor sit amet, consectetuer adipiscing elit. Curabitur sed tortor. Integer aliquam adipiscing lacus. Ut nec urna et arcu imperdiet ullamcorper. Duis','Media'),('Stalon','Hiram','Hendrix','1972-09-23 10:22:15','Veterinär','POY51MEP2YV','Lorem ipsum dolor sit amet, consectetuer adipiscing elit. Curabitur sed tortor. Integer aliquam adipiscing lacus. Ut nec urna et arcu imperdiet ullamcorper. Duis at lacus. Quisque purus sapien, gravida','Finans'),('Hedda','Leilani','Madden','1970-03-25 12:49:06','IT-Tekniker','MNV49WRA7OB','Lorem ipsum dolor sit amet, consectetuer adipiscing elit. Curabitur sed tortor. Integer aliquam adipiscing lacus. Ut nec urna et arcu imperdiet ullamcorper. Duis at lacus. Quisque purus','Reklam'),('Nathaniel','Suki','Hawkins','1986-08-18 01:59:49','Murare','KDL24EFG9VZ','Lorem ipsum dolor sit amet, consectetuer adipiscing elit. Curabitur sed tortor. Integer aliquam adipiscing lacus. Ut nec urna et arcu imperdiet ullamcorper. Duis at lacus.','Bygg'),('Guinevere','Sara','Mathews','1984-11-24 19:05:33','Ekonom','MZW76HGA4OY','Lorem ipsum dolor sit amet, consectetuer adipiscing elit. Curabitur sed tortor. Integer aliquam adipiscing lacus. Ut nec urna et arcu imperdiet ullamcorper. Duis at lacus. Quisque purus sapien, gravida non, sollicitudin a, malesuada id, erat. Etiam vestibulum massa rutrum magna.','Ekonomi');

INSERT INTO Users([Username],[FirstName],[LastName],[Birthdate],[Profession],[Password],[About],[Industry]) VALUES('Minerva','Stewart','Vang','1960-10-04 18:45:54','Murare','VOP77BVQ5VJ','Lorem ipsum dolor sit amet, consectetuer adipiscing elit. Curabitur sed tortor. Integer aliquam adipiscing lacus. Ut nec urna et arcu imperdiet ullamcorper. Duis at lacus. Quisque purus sapien, gravida non, sollicitudin a, malesuada id, erat. Etiam vestibulum massa','Ekonomi'),('Emerson','Jakeem','Baldwin','1955-09-20 19:04:27','Kock','LQK44MBS4AA','Lorem ipsum dolor sit amet, consectetuer adipiscing elit. Curabitur sed tortor. Integer aliquam adipiscing lacus. Ut nec urna et arcu imperdiet ullamcorper. Duis at lacus. Quisque purus sapien, gravida','Transport'),('Lucas','Orson','Wilcox','1986-09-10 13:04:25','Brandman','YOY72AAA9PO','Lorem ipsum dolor sit amet, consectetuer adipiscing elit. Curabitur sed tortor. Integer aliquam adipiscing lacus. Ut nec urna et arcu imperdiet ullamcorper. Duis at lacus. Quisque','Media'),('Cain','Velma','Mccullough','1981-07-24 12:22:23','IT-Tekniker','DDU10USJ2IZ','Lorem ipsum dolor sit amet, consectetuer adipiscing elit. Curabitur sed tortor. Integer aliquam adipiscing lacus. Ut nec urna et arcu imperdiet ullamcorper. Duis at lacus. Quisque purus sapien, gravida non, sollicitudin a, malesuada id, erat. Etiam vestibulum massa rutrum magna.','IT'),('Quinn','Erich','Burris','1981-06-22 16:53:53','Programmerare','LUI49ZVQ2WG','Lorem ipsum dolor sit amet, consectetuer adipiscing elit. Curabitur sed tortor. Integer aliquam adipiscing lacus. Ut nec urna et arcu','Jordbruk'),('Callie','Griffith','Livingston','1960-10-29 03:24:07','Bagare','UVY55KEG2KT','Lorem ipsum dolor sit amet, consectetuer adipiscing elit. Curabitur sed tortor. Integer aliquam adipiscing lacus. Ut nec urna et arcu imperdiet ullamcorper. Duis at','Jordbruk'),('Chastity','Faith','Preston','1961-11-28 02:46:11','Polis','LSX65QRC5VB','Lorem ipsum dolor sit amet, consectetuer adipiscing elit. Curabitur sed tortor. Integer aliquam adipiscing lacus. Ut nec urna et arcu imperdiet ullamcorper. Duis at lacus.','Ekonomi'),('Graham','Adria','Lane','1992-07-19 12:57:33','Ekonom','NCJ76UZL8XG','Lorem ipsum dolor sit amet, consectetuer adipiscing elit. Curabitur sed tortor. Integer aliquam adipiscing lacus. Ut nec urna et arcu imperdiet ullamcorper. Duis at lacus. Quisque purus sapien, gravida non, sollicitudin a, malesuada','Media'),('Ahmed','Rinah','Duffy','1993-05-21 23:00:49','Polis','WSZ00KDR9QZ','Lorem ipsum dolor sit amet, consectetuer adipiscing elit. Curabitur sed tortor. Integer aliquam adipiscing lacus. Ut nec urna et arcu imperdiet ullamcorper. Duis at lacus. Quisque purus sapien,','IT'),('Vanna','Willow','Barrett','1977-05-20 09:38:19','Programmerare','KJH87WXB3IZ','Lorem ipsum dolor sit amet, consectetuer adipiscing elit. Curabitur sed tortor. Integer aliquam adipiscing lacus. Ut nec urna et arcu imperdiet ullamcorper. Duis at lacus. Quisque purus sapien, gravida non, sollicitudin a, malesuada id, erat. Etiam vestibulum massa','Jordbruk');

INSERT INTO Users([Username],[FirstName],[LastName],[Birthdate],[Profession],[Password],[About],[Industry]) VALUES('Mannix','Ifeoma','Glass','1961-03-19 01:26:49','Försäljare','IWK81PQN6TG','Lorem ipsum dolor sit amet, consectetuer adipiscing elit. Curabitur sed tortor. Integer aliquam adipiscing lacus. Ut nec urna et arcu imperdiet ullamcorper. Duis at lacus. Quisque purus sapien, gravida non, sollicitudin a, malesuada id, erat. Etiam vestibulum massa rutrum','IT'),('Chiquita','Geoffrey','Weiss','1961-04-05 11:59:38','Bagare','MBG79IGR7OL','Lorem ipsum dolor sit amet, consectetuer adipiscing elit. Curabitur sed tortor. Integer aliquam adipiscing lacus. Ut nec urna et arcu imperdiet ullamcorper. Duis at lacus. Quisque purus sapien,','IT'),('Scarlet','Sierra','Wolf','1976-07-17 08:43:01','Ekonom','OQL63OXY7TC','Lorem ipsum dolor sit amet, consectetuer adipiscing elit. Curabitur sed tortor. Integer aliquam adipiscing lacus. Ut nec urna et arcu imperdiet ullamcorper. Duis at lacus. Quisque purus sapien, gravida non, sollicitudin a, malesuada id,','Vård'),('Gavin','Austin','Maxwell','1966-02-23 18:36:05','Snickare','URQ60ZNL0IY','Lorem ipsum dolor sit amet, consectetuer adipiscing elit. Curabitur sed tortor. Integer aliquam adipiscing lacus. Ut nec urna et arcu imperdiet ullamcorper. Duis at lacus. Quisque purus sapien, gravida non, sollicitudin a, malesuada id, erat. Etiam vestibulum massa rutrum','IT'),('Odessa','Blaze','Robbins','1974-01-19 01:12:24','Dansare','WXR80NYH6JK','Lorem ipsum dolor sit amet, consectetuer adipiscing elit. Curabitur sed tortor. Integer aliquam adipiscing lacus. Ut nec urna et arcu imperdiet ullamcorper. Duis at lacus. Quisque purus sapien, gravida non, sollicitudin a, malesuada','Bygg'),('Talon','Zelda','Guthrie','1974-10-16 22:28:30','Bagare','QSS14JNM6VM','Lorem ipsum dolor sit amet, consectetuer adipiscing elit. Curabitur sed tortor. Integer aliquam adipiscing lacus. Ut nec urna et arcu imperdiet ullamcorper. Duis at','Jordbruk'),('Clinton','Hilary','Cardenas','1990-02-05 03:24:52','Kock','LUF18ONQ4IA','Lorem ipsum dolor sit amet, consectetuer adipiscing elit. Curabitur sed tortor. Integer aliquam adipiscing lacus. Ut nec urna et arcu imperdiet ullamcorper. Duis at lacus. Quisque purus sapien, gravida non, sollicitudin a, malesuada id, erat. Etiam','Finans'),('Jeanette','Byron','Adams','1948-05-15 17:28:52','Polis','EIT46XKX6JP','Lorem ipsum dolor sit amet, consectetuer adipiscing elit. Curabitur sed tortor. Integer aliquam adipiscing lacus. Ut nec urna et arcu imperdiet ullamcorper. Duis at lacus. Quisque purus sapien, gravida non,','Detaljhandel'),('Shannon','Brady','Bird','1974-09-25 12:10:18','IT-Tekniker','RFR60GHV1BV','Lorem ipsum dolor sit amet, consectetuer adipiscing elit. Curabitur sed tortor. Integer aliquam adipiscing lacus. Ut nec urna et arcu imperdiet ullamcorper. Duis at lacus. Quisque purus sapien, gravida','Media'),('Ferdinand','Cole','Berry','1988-01-27 14:16:58','Dansare','XZG20TGO0TZ','Lorem ipsum dolor sit amet, consectetuer adipiscing elit. Curabitur sed tortor. Integer aliquam adipiscing lacus. Ut nec urna et arcu imperdiet ullamcorper. Duis at lacus. Quisque purus sapien, gravida non, sollicitudin a, malesuada','Finans');

INSERT INTO Users([Username],[FirstName],[LastName],[Birthdate],[Profession],[Password],[About],[Industry]) VALUES('Mollie','Wynter','Crosby','1979-11-18 14:38:15','Programmerare','CMY48TQR1PZ','Lorem ipsum dolor sit amet, consectetuer adipiscing elit. Curabitur sed tortor. Integer aliquam adipiscing lacus. Ut nec urna et arcu imperdiet ullamcorper. Duis at lacus.','Jordbruk'),('Peter','Ruby','Mosley','1960-05-30 05:53:43','Brandman','QCT89AAM6VS','Lorem ipsum dolor sit amet, consectetuer adipiscing elit. Curabitur sed tortor. Integer aliquam adipiscing lacus. Ut nec urna et arcu imperdiet ullamcorper. Duis at lacus. Quisque purus sapien, gravida non, sollicitudin a,','Transport'),('Ria','Wylie','Nelson','1993-03-09 19:37:19','Dansare','QXI38FVF9FS','Lorem ipsum dolor sit amet, consectetuer adipiscing elit. Curabitur sed tortor. Integer aliquam adipiscing lacus. Ut nec urna et arcu imperdiet ullamcorper. Duis at lacus. Quisque purus sapien, gravida non, sollicitudin a, malesuada','Vård'),('Howard','Aidan','Chen','1988-04-09 01:50:00','Murare','PFJ17SIJ5SS','Lorem ipsum dolor sit amet, consectetuer adipiscing elit. Curabitur sed tortor. Integer aliquam adipiscing lacus. Ut nec urna et arcu imperdiet ullamcorper.','Ekonomi'),('Dustin','Nita','Juarez','1950-02-01 13:39:28','Skådespelerska','MZF87LKP9IH','Lorem ipsum dolor sit amet, consectetuer adipiscing elit. Curabitur sed tortor. Integer aliquam adipiscing lacus. Ut nec urna et arcu imperdiet ullamcorper. Duis at lacus. Quisque purus sapien, gravida non, sollicitudin a, malesuada id, erat. Etiam vestibulum massa rutrum','Finans'),('Illiana','Tate','Bennett','1949-12-20 06:17:32','Skådespelerska','THR80HJM3OY','Lorem ipsum dolor sit amet, consectetuer adipiscing elit. Curabitur sed tortor. Integer aliquam adipiscing lacus. Ut nec urna et arcu imperdiet ullamcorper. Duis at lacus. Quisque purus sapien, gravida non, sollicitudin a, malesuada id, erat. Etiam vestibulum massa rutrum magna.','Reklam'),('Cairo','Ina','Rosa','1985-06-06 09:37:52','Programmerare','IGV66KHH0PF','Lorem ipsum dolor sit amet, consectetuer adipiscing elit. Curabitur sed tortor. Integer aliquam adipiscing lacus. Ut nec urna et arcu imperdiet ullamcorper.','IT'),('Edward','Jorden','Montoya','1992-07-29 23:22:56','Bagare','XYV59TLZ0AB','Lorem ipsum dolor sit amet, consectetuer adipiscing elit. Curabitur sed tortor. Integer aliquam adipiscing lacus. Ut nec urna et arcu imperdiet ullamcorper. Duis at lacus. Quisque purus sapien, gravida non, sollicitudin a, malesuada id,','Reklam'),('Brian','Rooney','Carr','1967-05-03 20:27:04','Dansare','KIJ03MRY5TI','Lorem ipsum dolor sit amet, consectetuer adipiscing elit. Curabitur sed tortor. Integer aliquam adipiscing lacus. Ut nec urna et arcu imperdiet','Vård'),('Lawrence','Carson','Delgado','1960-10-29 14:53:26','Skådespelerska','ECZ96QMZ3YX','Lorem ipsum dolor sit amet, consectetuer adipiscing elit. Curabitur sed tortor. Integer aliquam adipiscing lacus. Ut nec urna et arcu imperdiet ullamcorper. Duis at lacus. Quisque purus sapien, gravida non, sollicitudin a, malesuada id,','Ekonomi');

INSERT INTO Users([Username],[FirstName],[LastName],[Birthdate],[Profession],[Password],[About],[Industry]) VALUES('Driscoll','Brian','Sanford','1977-03-07 19:03:45','Programmerare','YUW23LRE1WI','Lorem ipsum dolor sit amet, consectetuer adipiscing elit. Curabitur sed tortor. Integer aliquam adipiscing lacus. Ut nec urna et arcu imperdiet ullamcorper. Duis at lacus. Quisque purus sapien, gravida non, sollicitudin','Media'),('Lasir','Priscilla','Kelly','1964-12-19 04:11:22','Brandman','GBE97BIY6KD','Lorem ipsum dolor sit amet, consectetuer adipiscing elit. Curabitur sed tortor. Integer aliquam adipiscing lacus. Ut nec urna et arcu imperdiet ullamcorper.','Jordbruk'),('Ryan','Hector','Ryan','1944-11-02 03:02:03','Brandman','CIX12YWT1SH','Lorem ipsum dolor sit amet, consectetuer adipiscing elit. Curabitur sed tortor. Integer aliquam adipiscing lacus. Ut nec urna et arcu imperdiet ullamcorper. Duis at lacus. Quisque purus sapien, gravida non, sollicitudin a, malesuada','Vård'),('Keaton','Jin','Savage','1983-09-08 05:27:22','Murare','PKB18ZTN4GA','Lorem ipsum dolor sit amet, consectetuer adipiscing elit. Curabitur sed tortor. Integer aliquam adipiscing lacus. Ut nec urna et arcu imperdiet ullamcorper. Duis at lacus. Quisque purus sapien, gravida non, sollicitudin a, malesuada id, erat.','Vård'),('Melinda','Delilah','Dunn','1959-07-17 18:01:17','Lokförare','VYG70KDA9QY','Lorem ipsum dolor sit amet, consectetuer adipiscing elit. Curabitur sed tortor. Integer aliquam adipiscing lacus. Ut nec urna et arcu imperdiet ullamcorper. Duis at lacus. Quisque purus sapien, gravida non, sollicitudin a, malesuada id, erat. Etiam vestibulum massa rutrum','Media'),('Lareina','Rosalyn','Crane','1952-05-16 03:49:58','Försäljare','BTR66WNS3AB','Lorem ipsum dolor sit amet, consectetuer adipiscing elit. Curabitur sed tortor. Integer aliquam adipiscing lacus. Ut nec urna et arcu imperdiet ullamcorper. Duis at lacus. Quisque purus sapien, gravida non, sollicitudin a, malesuada id,','Vård'),('Reese','Stewart','Roach','1994-05-10 07:59:53','Programmerare','ZHQ86HBY4JJ','Lorem ipsum dolor sit amet, consectetuer adipiscing elit. Curabitur sed tortor. Integer aliquam adipiscing lacus. Ut nec urna et arcu imperdiet ullamcorper. Duis at lacus. Quisque purus sapien, gravida non, sollicitudin a, malesuada id, erat. Etiam','Transport'),('Bruce','Rachel','Barry','1953-11-10 12:35:51','Polis','TDG17CWX0ZZ','Lorem ipsum dolor sit amet, consectetuer adipiscing elit. Curabitur sed tortor. Integer aliquam adipiscing lacus. Ut nec urna et arcu imperdiet ullamcorper. Duis at lacus. Quisque purus sapien, gravida non, sollicitudin a, malesuada id, erat. Etiam vestibulum','Reklam'),('Channing','Jeanette','Griffin','1944-06-08 09:49:12','Frisör','GNB48XTN6KT','Lorem ipsum dolor sit amet, consectetuer adipiscing elit. Curabitur sed tortor. Integer aliquam adipiscing lacus. Ut nec urna et arcu imperdiet ullamcorper.','Juridik'),('Avram','Jarrod','Trujillo','1989-09-28 15:44:35','Bagare','CUS36AWW0YX','Lorem ipsum dolor sit amet, consectetuer adipiscing elit. Curabitur sed tortor. Integer aliquam adipiscing lacus. Ut nec urna et arcu imperdiet ullamcorper. Duis at lacus. Quisque purus sapien, gravida non, sollicitudin a, malesuada id, erat. Etiam','Ekonomi');

INSERT INTO Users([Username],[FirstName],[LastName],[Birthdate],[Profession],[Password],[About],[Industry]) VALUES('Natalie','Sylvester','Maddox','1940-06-03 15:13:55','Veterinär','ATT85QYN1VD','Lorem ipsum dolor sit amet, consectetuer adipiscing elit. Curabitur sed tortor. Integer aliquam adipiscing lacus. Ut nec urna et arcu imperdiet ullamcorper. Duis','Detaljhandel'),('Nasim','Brenna','Mayo','1981-12-17 12:28:33','Polis','XYI32RDD5RQ','Lorem ipsum dolor sit amet, consectetuer adipiscing elit. Curabitur sed tortor. Integer aliquam adipiscing lacus. Ut nec urna et arcu imperdiet ullamcorper. Duis at lacus. Quisque','Juridik'),('Matthew','Ariel','Rivas','1959-10-24 11:11:34','Frisör','KMI57CKR3BL','Lorem ipsum dolor sit amet, consectetuer adipiscing elit. Curabitur sed tortor. Integer aliquam adipiscing lacus. Ut nec urna et arcu imperdiet ullamcorper. Duis at lacus. Quisque purus sapien, gravida non, sollicitudin a, malesuada id, erat. Etiam vestibulum massa rutrum','Jordbruk'),('Raphael','Mufutau','Barlow','1963-06-15 09:25:00','Försäljare','TFO42IQD3ZW','Lorem ipsum dolor sit amet, consectetuer adipiscing elit. Curabitur sed tortor. Integer aliquam adipiscing lacus. Ut nec urna et arcu imperdiet ullamcorper. Duis at lacus. Quisque purus sapien, gravida non,','Reklam'),('Sean','Zephania','Lee','1982-01-03 04:04:00','Lokförare','MWX94DXR4HW','Lorem ipsum dolor sit amet, consectetuer adipiscing elit. Curabitur sed tortor. Integer aliquam adipiscing lacus. Ut nec urna et arcu imperdiet ullamcorper. Duis at lacus. Quisque purus sapien, gravida non, sollicitudin a, malesuada id, erat.','Finans'),('Daquan','Laurel','Rowe','1977-06-23 17:12:10','Försäljare','ZIP00MQW7LU','Lorem ipsum dolor sit amet, consectetuer adipiscing elit. Curabitur sed tortor. Integer aliquam adipiscing lacus. Ut nec urna et arcu imperdiet ullamcorper. Duis','Reklam'),('Bradley','Mari','Frye','1984-04-28 21:41:37','Veterinär','KWC99IVU9RD','Lorem ipsum dolor sit amet, consectetuer adipiscing elit. Curabitur sed tortor. Integer aliquam adipiscing lacus. Ut nec urna et arcu imperdiet ullamcorper. Duis at lacus. Quisque purus sapien, gravida non, sollicitudin a,','Finans'),('Jaime','Lois','Brady','1982-04-17 12:41:02','Ekonom','JVS51WPQ2PD','Lorem ipsum dolor sit amet, consectetuer adipiscing elit. Curabitur sed tortor. Integer aliquam adipiscing lacus. Ut nec urna et arcu imperdiet ullamcorper. Duis at lacus. Quisque purus sapien, gravida non, sollicitudin a, malesuada id, erat. Etiam vestibulum','Finans'),('Jamalia','Noelle','Sloan','1945-03-14 17:05:56','Brandman','QVH02ILX0RI','Lorem ipsum dolor sit amet, consectetuer adipiscing elit. Curabitur sed tortor. Integer aliquam adipiscing lacus. Ut nec urna et arcu imperdiet ullamcorper. Duis at lacus. Quisque','Vård'),('Shana','Zeus','Foster','1976-11-19 03:32:48','Ekonom','BTU32VYN1XD','Lorem ipsum dolor sit amet, consectetuer adipiscing elit. Curabitur sed tortor. Integer aliquam adipiscing lacus. Ut nec urna et arcu imperdiet ullamcorper. Duis at lacus. Quisque purus sapien, gravida non, sollicitudin a, malesuada','Detaljhandel');

INSERT INTO Users([Username],[FirstName],[LastName],[Birthdate],[Profession],[Password],[About],[Industry]) VALUES('Devin','Yasir','Kelly','1965-05-04 06:49:55','Försäljare','OTR62DPK6QR','Lorem ipsum dolor sit amet, consectetuer adipiscing elit. Curabitur sed tortor. Integer aliquam adipiscing lacus. Ut nec urna et arcu imperdiet ullamcorper. Duis at lacus. Quisque purus sapien, gravida non, sollicitudin a,','Detaljhandel'),('Colton','Yoko','Stewart','1948-10-22 16:50:35','Veterinär','RHE68FZC8LE','Lorem ipsum dolor sit amet, consectetuer adipiscing elit. Curabitur sed tortor. Integer aliquam adipiscing lacus. Ut nec urna et arcu imperdiet ullamcorper. Duis at lacus. Quisque purus sapien,','Reklam'),('Adam','Cathleen','Wilkinson','1960-07-22 00:19:59','Lokförare','YUJ17XNM2TV','Lorem ipsum dolor sit amet, consectetuer adipiscing elit. Curabitur sed tortor. Integer aliquam adipiscing lacus. Ut nec urna et arcu imperdiet ullamcorper. Duis at lacus. Quisque purus sapien, gravida non, sollicitudin a,','Juridik'),('Shaine','Jada','Hensley','1983-11-23 03:12:45','Bagare','TPL39SEC6VN','Lorem ipsum dolor sit amet, consectetuer adipiscing elit. Curabitur sed tortor. Integer aliquam adipiscing lacus. Ut nec urna et arcu imperdiet ullamcorper. Duis','Finans'),('Allistair','Angela','Fulton','1958-01-31 20:36:23','Frisör','SZK67IEY8NM','Lorem ipsum dolor sit amet, consectetuer adipiscing elit. Curabitur sed tortor. Integer aliquam adipiscing lacus. Ut nec urna et arcu imperdiet ullamcorper. Duis at lacus. Quisque purus sapien, gravida non, sollicitudin a, malesuada id, erat. Etiam','Reklam'),('Hadassah','Jasper','Burnett','1967-07-27 22:08:01','Lokförare','HTS57QNL4DD','Lorem ipsum dolor sit amet, consectetuer adipiscing elit. Curabitur sed tortor. Integer aliquam adipiscing lacus. Ut nec urna et arcu imperdiet ullamcorper. Duis at lacus. Quisque purus sapien, gravida non, sollicitudin a, malesuada','Ekonomi'),('Giacomo','Chaim','Riley','1953-08-09 10:29:35','Bagare','HMH84TVV1KQ','Lorem ipsum dolor sit amet, consectetuer adipiscing elit. Curabitur sed tortor. Integer aliquam adipiscing lacus. Ut nec urna et arcu imperdiet ullamcorper. Duis at lacus. Quisque purus','Juridik'),('Kadeem','Mason','Bean','1971-06-02 04:11:24','Ekonom','AYM05QRB4RM','Lorem ipsum dolor sit amet, consectetuer adipiscing elit. Curabitur sed tortor. Integer aliquam adipiscing lacus. Ut nec urna et arcu imperdiet ullamcorper. Duis at lacus. Quisque','Reklam'),('Brock','Burton','Pratt','1979-04-30 04:08:28','Bagare','FFR27USY1KZ','Lorem ipsum dolor sit amet, consectetuer adipiscing elit. Curabitur sed tortor. Integer aliquam adipiscing lacus. Ut nec urna et arcu imperdiet ullamcorper. Duis at lacus. Quisque purus sapien, gravida non, sollicitudin a, malesuada id, erat. Etiam vestibulum massa','Jordbruk'),('Troy','Adrian','Jennings','1947-07-09 07:18:33','Polis','CLN83PRU7HD','Lorem ipsum dolor sit amet, consectetuer adipiscing elit. Curabitur sed tortor. Integer aliquam adipiscing lacus. Ut nec urna et arcu imperdiet ullamcorper. Duis at lacus. Quisque purus sapien, gravida non,','Reklam');

INSERT INTO Users([Username],[FirstName],[LastName],[Birthdate],[Profession],[Password],[About],[Industry]) VALUES('Elliott','Jessamine','Edwards','1981-01-04 02:24:49','Polis','GRZ27ZDG6XY','Lorem ipsum dolor sit amet, consectetuer adipiscing elit. Curabitur sed tortor. Integer aliquam adipiscing lacus. Ut nec urna et arcu imperdiet ullamcorper. Duis at lacus. Quisque purus sapien, gravida non, sollicitudin a, malesuada id, erat. Etiam vestibulum massa rutrum','Reklam'),('Nigel','Phyllis','Gilbert','1984-02-09 01:55:16','Veterinär','DAA61FVB9LF','Lorem ipsum dolor sit amet, consectetuer adipiscing elit. Curabitur sed tortor. Integer aliquam adipiscing lacus. Ut nec urna et arcu imperdiet','Vård'),('Dieter','Evelyn','Caldwell','1955-06-22 14:25:51','Programmerare','ZTI92SED6KT','Lorem ipsum dolor sit amet, consectetuer adipiscing elit. Curabitur sed tortor. Integer aliquam adipiscing lacus. Ut nec urna et arcu imperdiet ullamcorper. Duis','Reklam'),('Jack','Oprah','Calhoun','1967-12-17 02:33:12','Försäljare','PUX28VGG4EW','Lorem ipsum dolor sit amet, consectetuer adipiscing elit. Curabitur sed tortor. Integer aliquam adipiscing lacus. Ut nec urna et arcu imperdiet ullamcorper. Duis at lacus. Quisque purus sapien, gravida non, sollicitudin a, malesuada id, erat. Etiam vestibulum','Finans'),('Athena','Wang','Guzman','1969-09-16 17:01:12','Skådespelerska','QFQ87QXG1NE','Lorem ipsum dolor sit amet, consectetuer adipiscing elit. Curabitur sed tortor. Integer aliquam adipiscing lacus. Ut nec urna et arcu imperdiet ullamcorper. Duis at lacus.','Finans'),('Vance','Odessa','Flynn','1952-01-18 12:08:51','Kock','UUD03ZCU9GX','Lorem ipsum dolor sit amet, consectetuer adipiscing elit. Curabitur sed tortor. Integer aliquam adipiscing lacus. Ut nec urna et arcu imperdiet','Transport'),('Craig','Idola','Bishop','1969-12-17 05:37:27','Frisör','YLC02HOP3WJ','Lorem ipsum dolor sit amet, consectetuer adipiscing elit. Curabitur sed tortor. Integer aliquam adipiscing lacus. Ut nec urna et arcu imperdiet ullamcorper. Duis at','Vård'),('Bannon','Kato','Haynes','1993-11-01 03:21:10','Snickare','ZNR72VTA4YI','Lorem ipsum dolor sit amet, consectetuer adipiscing elit. Curabitur sed tortor. Integer aliquam adipiscing lacus. Ut nec urna et arcu imperdiet ullamcorper. Duis at lacus. Quisque','Finans'),('Scott','Louis','Johnson','1992-02-24 00:48:35','Brandman','SRF36KYY7GQ','Lorem ipsum dolor sit amet, consectetuer adipiscing elit. Curabitur sed tortor. Integer aliquam adipiscing lacus. Ut nec urna et arcu imperdiet ullamcorper. Duis at lacus. Quisque purus sapien, gravida non, sollicitudin a, malesuada id, erat. Etiam vestibulum massa rutrum','Detaljhandel'),('Murphy','Maggy','Patterson','1987-06-25 12:52:10','IT-Tekniker','HXS54WAF8CM','Lorem ipsum dolor sit amet, consectetuer adipiscing elit. Curabitur sed tortor. Integer aliquam adipiscing lacus. Ut nec urna et arcu imperdiet ullamcorper. Duis at lacus. Quisque purus sapien,','Transport');

INSERT INTO Users([Username],[FirstName],[LastName],[Birthdate],[Profession],[Password],[About],[Industry]) VALUES('India','Darius','Murray','1992-05-07 19:42:31','Brandman','GIB75JGU2BW','Lorem ipsum dolor sit amet, consectetuer adipiscing elit. Curabitur sed tortor. Integer aliquam adipiscing lacus. Ut nec urna et arcu imperdiet ullamcorper. Duis at lacus. Quisque purus sapien, gravida','Finans'),('Nevada','Shoshana','Harrison','1961-12-18 21:35:50','Snickare','ZDV28VKM1WG','Lorem ipsum dolor sit amet, consectetuer adipiscing elit. Curabitur sed tortor. Integer aliquam adipiscing lacus. Ut nec urna et arcu imperdiet ullamcorper. Duis at lacus. Quisque','Vård'),('Trevor','Macaulay','Sanders','1989-05-07 17:21:57','Kock','OBH18KUH6XR','Lorem ipsum dolor sit amet, consectetuer adipiscing elit. Curabitur sed tortor. Integer aliquam adipiscing lacus. Ut nec urna et arcu imperdiet ullamcorper. Duis at lacus. Quisque purus sapien, gravida non, sollicitudin a, malesuada id, erat. Etiam','Bygg'),('Kerry','Keith','Lynch','1941-03-08 14:24:41','Bagare','VMI05VPS5NT','Lorem ipsum dolor sit amet, consectetuer adipiscing elit. Curabitur sed tortor. Integer aliquam adipiscing lacus. Ut nec urna et arcu imperdiet ullamcorper.','Media'),('Kay','Chloe','Hewitt','1993-06-30 12:38:05','Kock','RXT22OSL8SA','Lorem ipsum dolor sit amet, consectetuer adipiscing elit. Curabitur sed tortor. Integer aliquam adipiscing lacus. Ut nec urna et arcu imperdiet ullamcorper. Duis at lacus. Quisque purus sapien, gravida non, sollicitudin a, malesuada id, erat. Etiam vestibulum massa','Vård'),('Daphne','Kirestin','Burton','1975-02-09 09:49:21','Programmerare','GDQ50GRD2VT','Lorem ipsum dolor sit amet, consectetuer adipiscing elit. Curabitur sed tortor. Integer aliquam adipiscing lacus. Ut nec urna et arcu imperdiet ullamcorper. Duis at lacus. Quisque purus sapien, gravida non, sollicitudin a, malesuada id, erat. Etiam vestibulum massa rutrum magna.','Reklam'),('Tallulah','Talon','Nelson','1967-11-27 08:02:52','Försäljare','OCJ32KBV7UM','Lorem ipsum dolor sit amet, consectetuer adipiscing elit. Curabitur sed tortor. Integer aliquam adipiscing lacus. Ut nec urna et arcu imperdiet ullamcorper. Duis at lacus. Quisque purus sapien, gravida non, sollicitudin a, malesuada id, erat. Etiam vestibulum massa rutrum magna.','Detaljhandel'),('Wyoming','Glenna','Dunn','1973-10-01 14:21:13','Ekonom','HYZ45TDO9BG','Lorem ipsum dolor sit amet, consectetuer adipiscing elit. Curabitur sed tortor. Integer aliquam adipiscing lacus. Ut nec urna et arcu imperdiet ullamcorper. Duis at lacus. Quisque purus sapien, gravida non, sollicitudin a, malesuada id, erat. Etiam vestibulum massa rutrum','Juridik'),('Judah','Oleg','Swanson','1952-12-15 12:34:50','Snickare','RDM70IPG1EH','Lorem ipsum dolor sit amet, consectetuer adipiscing elit. Curabitur sed tortor. Integer aliquam adipiscing lacus. Ut nec urna et arcu imperdiet ullamcorper. Duis at lacus. Quisque purus sapien, gravida non, sollicitudin a, malesuada id,','Ekonomi'),('Kylie','Vivian','Thompson','1970-12-18 04:54:20','Frisör','GUH69DPT9XG','Lorem ipsum dolor sit amet, consectetuer adipiscing elit. Curabitur sed tortor. Integer aliquam adipiscing lacus. Ut nec urna et arcu imperdiet ullamcorper. Duis at lacus. Quisque purus sapien, gravida non, sollicitudin a, malesuada id, erat. Etiam vestibulum massa','Finans');

INSERT INTO Users([Username],[FirstName],[LastName],[Birthdate],[Profession],[Password],[About],[Industry]) VALUES('Amena','Flavia','Avila','1954-11-28 08:21:44','IT-Tekniker','WNH27SFA7QE','Lorem ipsum dolor sit amet, consectetuer adipiscing elit. Curabitur sed tortor. Integer aliquam adipiscing lacus. Ut nec urna et arcu imperdiet ullamcorper. Duis at lacus. Quisque purus sapien, gravida non, sollicitudin a, malesuada id, erat. Etiam','Juridik'),('Kameko','Nita','Frederick','1942-01-09 15:32:34','Veterinär','JUG90YQZ8FL','Lorem ipsum dolor sit amet, consectetuer adipiscing elit. Curabitur sed tortor. Integer aliquam adipiscing lacus. Ut nec urna et arcu','Juridik'),('Carl','Calvin','Rich','1983-06-23 19:56:39','Försäljare','FMD18AXP3RQ','Lorem ipsum dolor sit amet, consectetuer adipiscing elit. Curabitur sed tortor. Integer aliquam adipiscing lacus. Ut nec urna et arcu imperdiet ullamcorper. Duis at lacus. Quisque purus sapien, gravida non, sollicitudin a, malesuada id, erat. Etiam','Reklam'),('Lamena','Chiquita','Robles','1993-05-13 08:24:13','Brandman','ICX00ILT3SP','Lorem ipsum dolor sit amet, consectetuer adipiscing elit. Curabitur sed tortor. Integer aliquam adipiscing lacus. Ut nec urna et arcu imperdiet ullamcorper. Duis at lacus. Quisque purus sapien, gravida non, sollicitudin a, malesuada id, erat. Etiam vestibulum massa rutrum magna.','Reklam'),('Rana','Kermit','Terry','1973-11-29 06:27:57','Ekonom','FSV33MXQ6LO','Lorem ipsum dolor sit amet, consectetuer adipiscing elit. Curabitur sed tortor. Integer aliquam adipiscing lacus. Ut nec urna et arcu imperdiet ullamcorper. Duis at','Finans'),('Jeremy','Denton','Wallace','1960-03-08 21:23:12','Programmerare','WTD37XOH1MS','Lorem ipsum dolor sit amet, consectetuer adipiscing elit. Curabitur sed tortor. Integer aliquam adipiscing lacus. Ut nec urna et arcu imperdiet ullamcorper. Duis at lacus. Quisque purus sapien, gravida non, sollicitudin a, malesuada id, erat. Etiam vestibulum massa rutrum','Hotell'),('Lewis','Naomi','Mejia','1965-01-02 06:21:55','Kock','KWY05PYK9PP','Lorem ipsum dolor sit amet, consectetuer adipiscing elit. Curabitur sed tortor. Integer aliquam adipiscing lacus. Ut nec urna et arcu imperdiet ullamcorper. Duis at lacus. Quisque purus sapien, gravida non,','Vård'),('Walter','Zeus','Crane','1985-01-24 08:38:48','Bagare','LLU55WLP3AG','Lorem ipsum dolor sit amet, consectetuer adipiscing elit. Curabitur sed tortor. Integer aliquam adipiscing lacus. Ut nec urna et arcu imperdiet ullamcorper. Duis at lacus. Quisque purus sapien, gravida non, sollicitudin a, malesuada id, erat. Etiam vestibulum massa rutrum magna.','Vård'),('Robin','Rahim','Bentley','1976-06-21 23:05:11','Programmerare','TGV07XTY3MK','Lorem ipsum dolor sit amet, consectetuer adipiscing elit. Curabitur sed tortor. Integer aliquam adipiscing lacus. Ut nec urna et arcu imperdiet ullamcorper. Duis','Jordbruk'),('Jenette','Hollee','Swanson','1971-09-13 22:26:49','Bagare','XPD77IDM9JF','Lorem ipsum dolor sit amet, consectetuer adipiscing elit. Curabitur sed tortor. Integer aliquam adipiscing lacus. Ut nec urna et arcu imperdiet ullamcorper. Duis at lacus. Quisque','Detaljhandel');

--Adam|Ahmed|Allistair|Amena|Athena|Avram|Bannon|Bradley|Brian|Brock|Bruce|Cain|Cairo|Callie|Carl|Channing|Chastity|Chiquita|Clinton|Colton|Craig|Daphne|Daquan|Devin|Dieter|Driscoll|Dustin|Edward|Elliott|Emerson|Ferdinand|Gavin|Giacomo|Graham|Guinevere|Hadassah|Haviva|Hedda|Howard|Illiana|India|Jack|Jaime|Jamalia|Jeanette|Jenette|Jeremy|Judah|Kadeem|Kameko|Kay|Keaton|Kerry|Kylie|Lamena|Lareina|Lasir|Lawrence|Lewis|Lucas|Macy|Mallory|Mannix|Matthew|Melinda|Minerva|Mollie|Murphy|Nasim|Natalie|Nathaniel|Nero|Nevada|Nigel|Octavia|Odessa|Peter|Quinn|Rana|Raphael|Reese|Ria|Robin|Ryan|Scarlet|Scott|Sean|Shaine|Shana|Shannon|Stalon|Tallulah|Talon|Trevor|Troy|Vance|Vanna|Walter|Wyoming|Yasir

INSERT INTO User_Location_Purpose([City],[Username],[Purposetype],[FromDate],[ToDate]) VALUES('Halmstad','Ferdinand','Middag','2017-03-05','2017-03-14'),('Jönköping','Driscoll','Filosofi','2017-03-06','2017-03-12'),('Luleå','Rana','Öl','2017-03-07','2017-03-12'),('Simrishamn','Lasir','Middag','2017-03-07','2017-03-13'),('Luleå','Jaime','Teater','2017-03-04','2017-03-12'),('Ystad','Jaime','Bio','2017-03-06','2017-03-14'),('Arboga','Haviva','Öl','2017-03-03','2017-03-12'),('Borås','Craig','Fest','2017-03-03','2017-03-11'),('Södertälje','Natalie','Öl','2017-03-03','2017-03-14'),('Landskrona','Trevor','Filosofi','2017-03-07','2017-03-13');

INSERT INTO User_Location_Purpose([City],[Username],[Purposetype],[FromDate],[ToDate]) VALUES('Södertälje','Callie','Filosofi','2017-03-07','2017-03-14'),('Malmö','Kylie','Fest','2017-03-06','2017-03-13'),('Jönköping','India','Hockey','2017-03-06','2017-03-11'),('Alingsås','Daquan','Teater','2017-03-04','2017-03-11'),('Södertälje','Guinevere','Lunch','2017-03-04','2017-03-11'),('Landskrona','Jaime','Bio','2017-03-04','2017-03-12'),('Örebro','Ria','Lunch','2017-03-04','2017-03-13'),('Borlänge','Kameko','Hockey','2017-03-08','2017-03-11'),('Borås','Avram','Dans','2017-03-07','2017-03-13'),('Karlstad','Adam','Teater','2017-03-06','2017-03-14');

INSERT INTO User_Location_Purpose([City],[Username],[Purposetype],[FromDate],[ToDate]) VALUES('Arboga','Edward','Lunch','2017-03-05','2017-03-13'),('Malmö','Athena','Dans','2017-03-06','2017-03-13'),('Karlshamn','Talon','Fotboll','2017-03-05','2017-03-11'),('Landskrona','Ryan','Filosofi','2017-03-07','2017-03-13'),('Norrköping','Stalon','Fest','2017-03-04','2017-03-14'),('Karlshamn','Nero','Fest','2017-03-03','2017-03-12'),('Trollhättan','Haviva','Middag','2017-03-03','2017-03-11'),('Arboga','Odessa','Bio','2017-03-03','2017-03-13'),('Borås','Kylie','Bio','2017-03-08','2017-03-13'),('Landskrona','Robin','Dans','2017-03-05','2017-03-13');

INSERT INTO User_Location_Purpose([City],[Username],[Purposetype],[FromDate],[ToDate]) VALUES('Örebro','Lamena','Hockey','2017-03-07','2017-03-14'),('Landskrona','Nathaniel','Fest','2017-03-05','2017-03-13'),('Göteborg','Quinn','Hockey','2017-03-03','2017-03-14'),('Hudiksvall','Macy','Fest','2017-03-06','2017-03-11'),('Göteborg','Rana','Teater','2017-03-06','2017-03-11'),('Karlshamn','Brian','Fest','2017-03-05','2017-03-12'),('Hudiksvall','Vanna','Lunch','2017-03-04','2017-03-12'),('Eslöv','Callie','Hockey','2017-03-06','2017-03-14'),('Hudiksvall','Shannon','Bio','2017-03-06','2017-03-14'),('Karlshamn','Illiana','Middag','2017-03-04','2017-03-14');

INSERT INTO User_Location_Purpose([City],[Username],[Purposetype],[FromDate],[ToDate]) VALUES('Borlänge','Mallory','Middag','2017-03-05','2017-03-13'),('Södertälje','Allistair','Fotboll','2017-03-04','2017-03-12'),('Arvika','Daquan','Bio','2017-03-06','2017-03-12'),('Ystad','Melinda','Filosofi','2017-03-03','2017-03-11'),('Halmstad','Lewis','Teater','2017-03-05','2017-03-14'),('Jönköping','Peter','Dans','2017-03-07','2017-03-13'),('Göteborg','Reese','Hockey','2017-03-06','2017-03-14'),('Södertälje','Nero','Hockey','2017-03-05','2017-03-13'),('Malmö','Jaime','Fotboll','2017-03-07','2017-03-13'),('Ystad','Vanna','Dans','2017-03-03','2017-03-12');

INSERT INTO User_Location_Purpose([City],[Username],[Purposetype],[FromDate],[ToDate]) VALUES('Landskrona','Dustin','Fotboll','2017-03-04','2017-03-12'),('Eslöv','Daphne','Bio','2017-03-03','2017-03-11'),('Stockholm','Hedda','Lunch','2017-03-07','2017-03-11'),('Halmstad','Carl','Teater','2017-03-07','2017-03-11'),('Karlstad','Yasir','Middag','2017-03-04','2017-03-11'),('Stockholm','Shaine','Fest','2017-03-06','2017-03-13'),('Halmstad','Vance','Lunch','2017-03-05','2017-03-11'),('Alingsås','Emerson','Middag','2017-03-08','2017-03-11'),('Malmö','Avram','Filosofi','2017-03-08','2017-03-12'),('Ystad','Kerry','Teater','2017-03-03','2017-03-11');

INSERT INTO User_Location_Purpose([City],[Username],[Purposetype],[FromDate],[ToDate]) VALUES('Halmstad','Shannon','Dans','2017-03-03','2017-03-13'),('Halmstad','Ahmed','Lunch','2017-03-03','2017-03-14'),('Malmö','Edward','Dans','2017-03-04','2017-03-13'),('Karlstad','Lareina','Lunch','2017-03-04','2017-03-14'),('Södertälje','Bruce','Fotboll','2017-03-04','2017-03-14'),('Karlshamn','Mallory','Teater','2017-03-06','2017-03-13'),('Stockholm','Bruce','Fest','2017-03-03','2017-03-14'),('Helsingborg','Reese','Fotboll','2017-03-08','2017-03-12'),('Karlstad','Callie','Filosofi','2017-03-06','2017-03-11'),('Karlshamn','Jamalia','Öl','2017-03-04','2017-03-11');

INSERT INTO User_Location_Purpose([City],[Username],[Purposetype],[FromDate],[ToDate]) VALUES('Arboga','Allistair','Dans','2017-03-08','2017-03-11'),('Karlstad','Clinton','Filosofi','2017-03-03','2017-03-13'),('Ystad','Wyoming','Hockey','2017-03-06','2017-03-13'),('Stockholm','Shannon','Teater','2017-03-05','2017-03-14'),('Stockholm','Shaine','Dans','2017-03-06','2017-03-14'),('Alingsås','Lawrence','Fotboll','2017-03-06','2017-03-11'),('Ystad','Lasir','Öl','2017-03-04','2017-03-11'),('Karlshamn','Daphne','Dans','2017-03-06','2017-03-13'),('Karlshamn','Jeremy','Dans','2017-03-03','2017-03-11'),('Luleå','Natalie','Fest','2017-03-04','2017-03-12');

INSERT INTO User_Location_Purpose([City],[Username],[Purposetype],[FromDate],[ToDate]) VALUES('Göteborg','Jenette','Hockey','2017-03-06','2017-03-14'),('Lund','Craig','Hockey','2017-03-07','2017-03-13'),('Luleå','Brian','Teater','2017-03-05','2017-03-12'),('Umeå','Quinn','Dans','2017-03-07','2017-03-12'),('Alingsås','Avram','Dans','2017-03-07','2017-03-14'),('Borås','Kadeem','Teater','2017-03-08','2017-03-12'),('Norrköping','Octavia','Hockey','2017-03-07','2017-03-13'),('Helsingborg','Kay','Hockey','2017-03-06','2017-03-11'),('Jönköping','Carl','Bio','2017-03-05','2017-03-13'),('Borlänge','Wyoming','Filosofi','2017-03-05','2017-03-12');

INSERT INTO User_Location_Purpose([City],[Username],[Purposetype],[FromDate],[ToDate]) VALUES('Landskrona','Chiquita','Lunch','2017-03-03','2017-03-12'),('Hudiksvall','Jaime','Filosofi','2017-03-06','2017-03-14'),('Helsingborg','Bannon','Middag','2017-03-05','2017-03-13'),('Umeå','Mannix','Hockey','2017-03-06','2017-03-12'),('Lund','Brock','Hockey','2017-03-04','2017-03-13'),('Karlshamn','Jeremy','Dans','2017-03-07','2017-03-14'),('Karlshamn','Brock','Hockey','2017-03-07','2017-03-14'),('Helsingborg','Murphy','Hockey','2017-03-08','2017-03-11'),('Lund','Melinda','Bio','2017-03-07','2017-03-11'),('Norrköping','Kay','Öl','2017-03-08','2017-03-12');
INSERT INTO User_Location_Purpose([City],[Username],[Purposetype],[FromDate],[ToDate]) VALUES('Helsingborg','Nasim','Middag','2017-03-04','2017-03-11'),('Trollhättan','Kerry','Fest','2017-03-03','2017-03-11'),('Karlstad','Edward','Hockey','2017-03-08','2017-03-13'),('Arvika','Melinda','Lunch','2017-03-03','2017-03-11'),('Malmö','Scarlet','Bio','2017-03-06','2017-03-11'),('Ystad','Jeanette','Fotboll','2017-03-05','2017-03-12'),('Lund','Colton','Hockey','2017-03-04','2017-03-11'),('Borlänge','Shannon','Öl','2017-03-05','2017-03-13'),('Landskrona','Daphne','Dans','2017-03-06','2017-03-11'),('Arvika','Emerson','Filosofi','2017-03-04','2017-03-13');
INSERT INTO User_Location_Purpose([City],[Username],[Purposetype],[FromDate],[ToDate]) VALUES('Göteborg','Vance','Hockey','2017-03-05','2017-03-13'),('Ystad','Bradley','Bio','2017-03-04','2017-03-13'),('Luleå','Callie','Lunch','2017-03-06','2017-03-12'),('Göteborg','Devin','Hockey','2017-03-05','2017-03-11'),('Trollhättan','Graham','Filosofi','2017-03-05','2017-03-14'),('Jönköping','Shaine','Öl','2017-03-05','2017-03-12'),('Lund','Trevor','Lunch','2017-03-06','2017-03-13'),('Luleå','Wyoming','Middag','2017-03-03','2017-03-12'),('Örebro','Nero','Teater','2017-03-04','2017-03-11'),('Landskrona','Cairo','Hockey','2017-03-07','2017-03-13');
INSERT INTO User_Location_Purpose([City],[Username],[Purposetype],[FromDate],[ToDate]) VALUES('Borlänge','Giacomo','Teater','2017-03-08','2017-03-14'),('Malmö','Cain','Dans','2017-03-07','2017-03-14'),('Umeå','Chastity','Fest','2017-03-03','2017-03-11'),('Eslöv','Lasir','Teater','2017-03-07','2017-03-11'),('Malmö','Kay','Middag','2017-03-08','2017-03-13'),('Alingsås','Kay','Hockey','2017-03-05','2017-03-14'),('Lund','Bradley','Hockey','2017-03-06','2017-03-12'),('Umeå','Adam','Fest','2017-03-06','2017-03-13'),('Södertälje','Judah','Öl','2017-03-06','2017-03-13'),('Hudiksvall','Nevada','Fotboll','2017-03-07','2017-03-13');
INSERT INTO User_Location_Purpose([City],[Username],[Purposetype],[FromDate],[ToDate]) VALUES('Trollhättan','Kylie','Middag','2017-03-04','2017-03-14'),('Malmö','Jaime','Öl','2017-03-04','2017-03-14'),('Göteborg','India','Dans','2017-03-08','2017-03-12'),('Umeå','Troy','Dans','2017-03-07','2017-03-14'),('Simrishamn','Mallory','Bio','2017-03-08','2017-03-12'),('Göteborg','Nathaniel','Öl','2017-03-04','2017-03-14'),('Arvika','Elliott','Hockey','2017-03-07','2017-03-13'),('Jönköping','Wyoming','Hockey','2017-03-04','2017-03-11'),('Karlstad','Dieter','Dans','2017-03-07','2017-03-12'),('Halmstad','Jamalia','Middag','2017-03-04','2017-03-14');
INSERT INTO User_Location_Purpose([City],[Username],[Purposetype],[FromDate],[ToDate]) VALUES('Umeå','Rana','Teater','2017-03-03','2017-03-13'),('Trollhättan','Giacomo','Fest','2017-03-08','2017-03-13'),('Ystad','Howard','Lunch','2017-03-07','2017-03-12'),('Simrishamn','Jaime','Fest','2017-03-06','2017-03-14'),('Helsingborg','Dieter','Fest','2017-03-03','2017-03-14'),('Helsingborg','Dieter','Middag','2017-03-05','2017-03-12'),('Hudiksvall','India','Hockey','2017-03-08','2017-03-11'),('Borlänge','Walter','Filosofi','2017-03-04','2017-03-12'),('Karlstad','Talon','Middag','2017-03-07','2017-03-13'),('Lund','Bradley','Lunch','2017-03-03','2017-03-11');
INSERT INTO User_Location_Purpose([City],[Username],[Purposetype],[FromDate],[ToDate]) VALUES('Borås','Daphne','Hockey','2017-03-08','2017-03-12'),('Arboga','Octavia','Bio','2017-03-08','2017-03-13'),('Trollhättan','Shana','Lunch','2017-03-04','2017-03-11'),('Hudiksvall','Troy','Middag','2017-03-05','2017-03-14'),('Hudiksvall','Ahmed','Öl','2017-03-07','2017-03-13'),('Örebro','Stalon','Filosofi','2017-03-07','2017-03-11'),('Simrishamn','Cairo','Lunch','2017-03-05','2017-03-11'),('Norrköping','Kylie','Filosofi','2017-03-04','2017-03-14'),('Karlstad','Daphne','Lunch','2017-03-04','2017-03-13'),('Karlshamn','Nero','Lunch','2017-03-03','2017-03-14');
INSERT INTO User_Location_Purpose([City],[Username],[Purposetype],[FromDate],[ToDate]) VALUES('Karlshamn','Haviva','Fotboll','2017-03-03','2017-03-11'),('Luleå','Athena','Fest','2017-03-08','2017-03-11'),('Örebro','Hadassah','Öl','2017-03-04','2017-03-14'),('Karlshamn','Judah','Fest','2017-03-06','2017-03-12'),('Borås','Amena','Fest','2017-03-05','2017-03-14'),('Lund','Nasim','Lunch','2017-03-06','2017-03-14'),('Landskrona','Odessa','Lunch','2017-03-07','2017-03-12'),('Karlshamn','Nero','Lunch','2017-03-05','2017-03-14'),('Södertälje','India','Teater','2017-03-08','2017-03-12'),('Stockholm','Kylie','Lunch','2017-03-05','2017-03-13');
INSERT INTO User_Location_Purpose([City],[Username],[Purposetype],[FromDate],[ToDate]) VALUES('Norrköping','Jamalia','Bio','2017-03-05','2017-03-11'),('Alingsås','Colton','Lunch','2017-03-07','2017-03-11'),('Umeå','Jaime','Teater','2017-03-05','2017-03-12'),('Ystad','Matthew','Hockey','2017-03-06','2017-03-11'),('Borlänge','Peter','Öl','2017-03-05','2017-03-12'),('Alingsås','Amena','Teater','2017-03-06','2017-03-13'),('Simrishamn','Mannix','Öl','2017-03-05','2017-03-13'),('Karlshamn','Bruce','Fotboll','2017-03-06','2017-03-13'),('Jönköping','Craig','Bio','2017-03-08','2017-03-11'),('Karlshamn','Avram','Hockey','2017-03-07','2017-03-14');
INSERT INTO User_Location_Purpose([City],[Username],[Purposetype],[FromDate],[ToDate]) VALUES('Trollhättan','Mallory','Dans','2017-03-07','2017-03-12'),('Ystad','Shaine','Dans','2017-03-07','2017-03-11'),('Umeå','Cairo','Teater','2017-03-06','2017-03-14'),('Göteborg','Mannix','Hockey','2017-03-06','2017-03-14'),('Ystad','Graham','Fest','2017-03-04','2017-03-14'),('Örebro','Chiquita','Fest','2017-03-04','2017-03-13'),('Halmstad','Mallory','Lunch','2017-03-07','2017-03-11'),('Arvika','Kerry','Teater','2017-03-06','2017-03-12'),('Södertälje','Macy','Fest','2017-03-05','2017-03-11'),('Stockholm','Cain','Bio','2017-03-05','2017-03-12');
INSERT INTO User_Location_Purpose([City],[Username],[Purposetype],[FromDate],[ToDate]) VALUES('Ystad','Colton','Hockey','2017-03-08','2017-03-12'),('Jönköping','Chastity','Dans','2017-03-07','2017-03-13'),('Alingsås','Bruce','Lunch','2017-03-05','2017-03-11'),('Lund','Lareina','Bio','2017-03-07','2017-03-11'),('Umeå','Walter','Lunch','2017-03-05','2017-03-11'),('Umeå','Lucas','Bio','2017-03-05','2017-03-12'),('Alingsås','Scarlet','Hockey','2017-03-04','2017-03-12'),('Alingsås','Colton','Dans','2017-03-06','2017-03-14'),('Stockholm','Reese','Teater','2017-03-06','2017-03-11'),('Hudiksvall','Hedda','Bio','2017-03-03','2017-03-13');
INSERT INTO User_Location_Purpose([City],[Username],[Purposetype],[FromDate],[ToDate]) VALUES('Helsingborg','Howard','Öl','2017-03-03','2017-03-13'),('Hudiksvall','Odessa','Hockey','2017-03-05','2017-03-11'),('Göteborg','Odessa','Hockey','2017-03-07','2017-03-12'),('Eslöv','Murphy','Öl','2017-03-06','2017-03-14'),('Örebro','Brian','Teater','2017-03-05','2017-03-12'),('Lund','Tallulah','Fotboll','2017-03-07','2017-03-14'),('Alingsås','Keaton','Bio','2017-03-08','2017-03-12'),('Trollhättan','Troy','Filosofi','2017-03-06','2017-03-14'),('Alingsås','Avram','Bio','2017-03-06','2017-03-13'),('Karlshamn','Hedda','Hockey','2017-03-06','2017-03-14');
INSERT INTO User_Location_Purpose([City],[Username],[Purposetype],[FromDate],[ToDate]) VALUES('Örebro','Channing','Öl','2017-03-03','2017-03-13'),('Arboga','Kerry','Fest','2017-03-08','2017-03-14'),('Borlänge','Odessa','Öl','2017-03-03','2017-03-12'),('Lund','Clinton','Middag','2017-03-08','2017-03-12'),('Göteborg','Kay','Öl','2017-03-08','2017-03-13'),('Arboga','Scott','Dans','2017-03-03','2017-03-13'),('Stockholm','Lewis','Öl','2017-03-03','2017-03-14'),('Hudiksvall','Ahmed','Dans','2017-03-04','2017-03-11'),('Jönköping','Judah','Middag','2017-03-07','2017-03-11'),('Umeå','Jeanette','Fest','2017-03-03','2017-03-12');
INSERT INTO User_Location_Purpose([City],[Username],[Purposetype],[FromDate],[ToDate]) VALUES('Landskrona','Reese','Fotboll','2017-03-05','2017-03-11'),('Jönköping','Minerva','Bio','2017-03-03','2017-03-11'),('Arboga','Gavin','Dans','2017-03-05','2017-03-12'),('Arboga','Carl','Hockey','2017-03-03','2017-03-11'),('Örebro','Kylie','Filosofi','2017-03-06','2017-03-12'),('Eslöv','Raphael','Middag','2017-03-05','2017-03-12'),('Göteborg','Shana','Öl','2017-03-06','2017-03-14'),('Alingsås','Lamena','Teater','2017-03-06','2017-03-11'),('Stockholm','Rana','Middag','2017-03-07','2017-03-12'),('Norrköping','Odessa','Hockey','2017-03-05','2017-03-11');
INSERT INTO User_Location_Purpose([City],[Username],[Purposetype],[FromDate],[ToDate]) VALUES('Stockholm','Callie','Middag','2017-03-07','2017-03-11'),('Ystad','Jaime','Fotboll','2017-03-06','2017-03-13'),('Arvika','Graham','Middag','2017-03-05','2017-03-12'),('Halmstad','Peter','Bio','2017-03-08','2017-03-12'),('Södertälje','Lareina','Fotboll','2017-03-03','2017-03-12'),('Ystad','Macy','Fotboll','2017-03-07','2017-03-13'),('Umeå','Lareina','Teater','2017-03-06','2017-03-13'),('Simrishamn','Cain','Fotboll','2017-03-04','2017-03-11'),('Simrishamn','Nasim','Dans','2017-03-08','2017-03-12'),('Arvika','Ahmed','Fotboll','2017-03-06','2017-03-11');
INSERT INTO User_Location_Purpose([City],[Username],[Purposetype],[FromDate],[ToDate]) VALUES('Göteborg','Kadeem','Teater','2017-03-08','2017-03-12'),('Simrishamn','Kadeem','Lunch','2017-03-04','2017-03-14'),('Norrköping','Driscoll','Middag','2017-03-03','2017-03-11'),('Malmö','Lasir','Teater','2017-03-04','2017-03-11'),('Södertälje','Quinn','Middag','2017-03-07','2017-03-14'),('Landskrona','Adam','Dans','2017-03-06','2017-03-14'),('Karlstad','Keaton','Fotboll','2017-03-08','2017-03-12'),('Umeå','Macy','Öl','2017-03-04','2017-03-13'),('Jönköping','Kay','Öl','2017-03-06','2017-03-12'),('Örebro','Jeanette','Lunch','2017-03-07','2017-03-11');
INSERT INTO User_Location_Purpose([City],[Username],[Purposetype],[FromDate],[ToDate]) VALUES('Malmö','Scott','Hockey','2017-03-03','2017-03-12'),('Lund','Guinevere','Filosofi','2017-03-08','2017-03-11'),('Borlänge','Ahmed','Filosofi','2017-03-07','2017-03-13'),('Eslöv','Allistair','Dans','2017-03-07','2017-03-13'),('Luleå','Wyoming','Teater','2017-03-05','2017-03-12'),('Simrishamn','Kameko','Öl','2017-03-08','2017-03-13'),('Borås','Gavin','Öl','2017-03-07','2017-03-11'),('Malmö','Hadassah','Hockey','2017-03-05','2017-03-14'),('Göteborg','Giacomo','Fotboll','2017-03-05','2017-03-14'),('Örebro','Jeanette','Hockey','2017-03-08','2017-03-13');
INSERT INTO User_Location_Purpose([City],[Username],[Purposetype],[FromDate],[ToDate]) VALUES('Borlänge','Bruce','Middag','2017-03-05','2017-03-14'),('Arboga','Dustin','Fest','2017-03-04','2017-03-14'),('Umeå','Shaine','Öl','2017-03-06','2017-03-14'),('Landskrona','Nigel','Filosofi','2017-03-08','2017-03-12'),('Jönköping','Odessa','Teater','2017-03-06','2017-03-11'),('Karlstad','Elliott','Middag','2017-03-07','2017-03-12'),('Karlshamn','Scott','Filosofi','2017-03-07','2017-03-13'),('Halmstad','Shannon','Teater','2017-03-06','2017-03-14'),('Hudiksvall','Macy','Fest','2017-03-03','2017-03-14'),('Norrköping','Illiana','Hockey','2017-03-05','2017-03-11');
INSERT INTO User_Location_Purpose([City],[Username],[Purposetype],[FromDate],[ToDate]) VALUES('Eslöv','Nasim','Fest','2017-03-06','2017-03-12'),('Södertälje','Matthew','Teater','2017-03-06','2017-03-12'),('Norrköping','Shannon','Teater','2017-03-06','2017-03-11'),('Södertälje','Guinevere','Middag','2017-03-04','2017-03-12'),('Borås','Natalie','Bio','2017-03-06','2017-03-13'),('Södertälje','Murphy','Fotboll','2017-03-06','2017-03-11'),('Lund','Mollie','Bio','2017-03-05','2017-03-12'),('Malmö','Lucas','Fest','2017-03-05','2017-03-13'),('Stockholm','Kay','Dans','2017-03-05','2017-03-14'),('Jönköping','Jaime','Dans','2017-03-06','2017-03-12');
INSERT INTO User_Location_Purpose([City],[Username],[Purposetype],[FromDate],[ToDate]) VALUES('Trollhättan','Allistair','Bio','2017-03-06','2017-03-11'),('Malmö','Daquan','Lunch','2017-03-04','2017-03-14'),('Borås','Craig','Fest','2017-03-04','2017-03-14'),('Halmstad','Brock','Fotboll','2017-03-07','2017-03-13'),('Luleå','Lawrence','Teater','2017-03-06','2017-03-11'),('Lund','Matthew','Fest','2017-03-04','2017-03-14'),('Jönköping','Trevor','Teater','2017-03-04','2017-03-11'),('Helsingborg','Hadassah','Öl','2017-03-07','2017-03-14'),('Eslöv','Brian','Fest','2017-03-08','2017-03-12'),('Umeå','Lasir','Bio','2017-03-04','2017-03-12');
INSERT INTO User_Location_Purpose([City],[Username],[Purposetype],[FromDate],[ToDate]) VALUES('Örebro','Bannon','Lunch','2017-03-03','2017-03-12'),('Simrishamn','Vanna','Lunch','2017-03-08','2017-03-12'),('Trollhättan','Giacomo','Dans','2017-03-07','2017-03-14'),('Örebro','Bannon','Dans','2017-03-03','2017-03-13'),('Lund','Keaton','Lunch','2017-03-07','2017-03-13'),('Norrköping','Lewis','Hockey','2017-03-05','2017-03-12'),('Alingsås','Athena','Bio','2017-03-03','2017-03-13'),('Södertälje','Elliott','Middag','2017-03-08','2017-03-12'),('Trollhättan','Howard','Hockey','2017-03-06','2017-03-14'),('Simrishamn','Jenette','Fest','2017-03-08','2017-03-12');

